<?xml version="1.0" encoding="UTF-8"?><rss version="2.0"
	xmlns:content="http://purl.org/rss/1.0/modules/content/"
	xmlns:dc="http://purl.org/dc/elements/1.1/"
	xmlns:atom="http://www.w3.org/2005/Atom"
	xmlns:sy="http://purl.org/rss/1.0/modules/syndication/"
	
	>
<channel>
	<title>
	Comments for Moacir Fonseca Becker	</title>
	<atom:link href="/index.php/comments/feed/" rel="self" type="application/rss+xml" />
	<link>/</link>
	<description>Moacir&#039;s Site</description>
	<lastBuildDate>Tue, 28 May 2024 07:36:42 +0000</lastBuildDate>
	<sy:updatePeriod>
	hourly	</sy:updatePeriod>
	<sy:updateFrequency>
	1	</sy:updateFrequency>
	<generator>https://wordpress.org/?v=6.5.3</generator>
</channel>
</rss>
